{
  "images\\background":"1e6f4ec550142c15872eb6baabeff7b203f3e7ba510b137b0945a9d4c1ca6665.jpg",
  "images\\logo":"decc18b3a1f079aaf76dafacaa1609f90a8514f98732205532569bfbb26b7f94_glx_logo.jpg",
  "images\\logo2x":"decc18b3a1f079aaf76dafacaa1609f90a8514f98732205532569bfbb26b7f94_glx_logo_2x.jpg",
  "images\\icon":"f6e169b27ecd5f161fa46c6564940b45acebb924d8dbb52fce258bfe98dedcf8.png",
  "images\\sidebarIcon":"f6e169b27ecd5f161fa46c6564940b45acebb924d8dbb52fce258bfe98dedcf8_sbicon.png",
  "images\\sidebarIcon2x":"f6e169b27ecd5f161fa46c6564940b45acebb924d8dbb52fce258bfe98dedcf8_sbicon_2x.png",
  "images\\menuNotificationAv":"f6e169b27ecd5f161fa46c6564940b45acebb924d8dbb52fce258bfe98dedcf8_menu_notification_av.png",
  "images\\menuNotificationAv2":"f6e169b27ecd5f161fa46c6564940b45acebb924d8dbb52fce258bfe98dedcf8_menu_notification_av2.png"
}